
--insert into cutomer table
insert into F16_T11_customer values('C001','Steven','Frost',TO_DATE('1984/02/15','YYYY/MM/DD'),'M','office','s.frost@gmail.com','312 kerby st,washington',5426663456);
commit;

insert into F16_T11_customer values('C002','Megan','Beckham',TO_DATE('1990/05/21','YYYY/MM/DD'),'M','student','m.beckham@gmail.com','514 kelly st,arlinton',5326789990);
commit;

insert into F16_T11_customer values('C003','Robert','Williams',TO_DATE('1974/07/01','YYYY/MM/DD'),'M','individual','r.williams@gmail.com','214 summit  ave,arlington',2423678903);
commit;

insert into F16_T11_customer values('C004','Michelle','John',TO_DATE('1993/02/14','YYYY/MM/DD'),'F','student','m.john@gmail.com','633 stanley st,washington',6523455678);
commit;

insert into F16_T11_customer values('C005','Jesus','Gonzalez',TO_DATE('1980/03/30','YYYY/MM/DD'),'M','office','j.gonzalez@gmail.com','513 parks st,california',3249087654);
commit;

insert into F16_T11_customer values('C006','Patrick','Edward',TO_DATE('1995/08/15','YYYY/MM/DD'),'M','student','p.edward@gmail.com','336 sherly st,california',9088887654);
commit;

insert into F16_T11_customer values('C007','James','Anderson',TO_DATE('1991/05/25','YYYY/MM/DD'),'M','student','j.anderson@gmail.com','415 maple st,NY',6825674567);
commit;

insert into F16_T11_customer values('C008','Emma','Watson',TO_DATE('1976/07/06','YYYY/MM/DD'),'M','office','e.watson@gmail.com','900 pkwy east st, NY',3697865678);
commit;

insert into F16_T11_customer values('C009','Stuart','Binny',TO_DATE('1998/09/13','YYYY/MM/DD'),'M','individual','s.binny@gmail.com','634 shelly st, IN',6367689076);
commit;

insert into F16_T11_customer values('C010','David','Hart',TO_DATE('1990/12/15','YYYY/MM/DD'),'M','office','d.hart@gmail.com','634 herbert st,IN',7896543456);
commit;
commit;

--insert into F16_T11_employee table 
insert into F16_T11_employee values('E001','Larry','Kristen',TO_DATE('1984/02/15','YYYY/MM/DD'),'M','l.kristen@gmail.com','715 telly st,NY',4084620807);
commit;
insert into F16_T11_employee values('E002','Mathew','Farrel',TO_DATE('1990/12/10','YYYY/MM/DD'),'M','m.farrel@gmail.com','314 gally st,NY',7154326789);
commit;
insert into F16_T11_employee values('E003','Stewart','Hardy',TO_DATE('1987/09/06','YYYY/MM/DD'),'M','s.hardy@gmail.com','312 summit ave,arlington',6879086543);
commit;
insert into F16_T11_employee values('E004','Taylor','Swift',TO_DATE('1991/06/06','YYYY/MM/DD'),'F','t.swift@gmail.com','765 filler st, arlington',9086547893);
commit;
insert into F16_T11_employee values('E005','Jonathan','Sorne',TO_DATE('1983/04/09','YYYY/MM/DD'),'M','j.sorne@gmail.com','435 gabril st,NY',9126547893);
commit;
insert into F16_T11_employee values('E006','Brad','Pitt',TO_DATE('1986/05/07','YYYY/MM/DD'),'F','b.pitt@gmail.com','789 huller st,california',9986747893);
commit;
insert into F16_T11_employee values('E007','Roger','Madds',TO_DATE('1989/03/03','YYYY/MM/DD'),'M','r.madds@gmail.com','765 cooper st,california',9386547863);
commit;
insert into F16_T11_employee values('E008','Mark','Waugh',TO_DATE('1984-01-28','YYYY/MM/DD'),'M','m.waugh@gmail.com','8934 Overlook Lane,VA',2025550108);
commit;
insert into F16_T11_employee values('E009','Billy','Joe',TO_DATE('1984/02/15','YYYY/MM/DD'),'M','b.joe@gmail.com','8037 Country St,TN',2025550133);
commit;
insert into F16_T11_employee values('E010','Mike','Kristen',TO_DATE('1984/02/20','YYYY/MM/DD'),'M','mike.kristen@gmail.com','648 Fairview Avenue,MA',2025550105);
commit;
insert into F16_T11_employee values('E011','Michael','Hogan',TO_DATE('1984/12/26','YYYY/MM/DD'),'M','m.hogan@gmail.com','914 Prospect Lane,IA',2025550117);
commit;
insert into F16_T11_employee values('E012','Sonia','Rogers',TO_DATE('1985/09/08','YYYY/MM/DD'),'F','s.rogers@gmail.com','359 West Dunbar Street,MA',2025550135);
commit;
insert into F16_T11_employee values('E013','Calvin','Swanson',TO_DATE('1985/12/06','YYYY/MM/DD'),'M','c.swanson@gmail.com','740 Columbia Avenue,MA',2138372733);
commit;
insert into F16_T11_employee values('E014','Bonnie','Collier',TO_DATE('1982/04/30','YYYY/MM/DD'),'M','b.collier@gmail.com','934 West Lake Lane,CT',4424196472);
commit;
insert into F16_T11_employee values('E015','Bryant','Higgins',TO_DATE('1983/07/19','YYYY/MM/DD'),'M','b.higgins@gmail.com','9512 Aspen Avenue,CA',4589251937);
commit;
insert into F16_T11_employee values('E016','Bennie','Vega',TO_DATE('1984/06/26','YYYY/MM/DD'),'M','b.vega@gmail.com','496 Grand Street,FL',3368830437);
commit;
insert into F16_T11_employee values('E017','Dustin','Ortiz',TO_DATE('1984/10/16','YYYY/MM/DD'),'M','d.ortiz@gmail.com','6 Cedar Swamp Ave,MA',1363463022);
commit;
insert into F16_T11_employee values('E018','James','Lucas',TO_DATE('198/01/26','YYYY/MM/DD'),'M','j.lucas@gmail.com','259 Pacific Lane,SD',9872980784);
commit;
insert into F16_T11_employee values('E019','Jose','Rice',TO_DATE('1982/11/15','YYYY/MM/DD'),'M','j.rice@gmail.com','1 Manhattan Lane,MA',1076943081);
commit;
insert into F16_T11_employee values('E020','Chester','Jones',TO_DATE('1983/10/27','YYYY/MM/DD'),'M','c.jones@gmail.com','79 Longfellow Lane,MI',3184030396);
commit;
insert into F16_T11_employee values('E021','Cory','Tucker',TO_DATE('1984/07/11','YYYY/MM/DD'),'M','c.tucker@gmail.com','146 Wintergreen Street,NJ',9279429206);	
commit;
commit;



--insert into F16_T11_book table
insert into F16_T11_book values('B001',435,111245678932,3,'fundamentals of db','ramez,elmasri','Pearson',30.55,'education');
commit;

insert into F16_T11_book values('B002',538,111345678932,4,'computer networks','stephen rogers','Pearson',48,'education');
commit;

insert into F16_T11_book values('B003',636,111245698932,9,'Artificial Intelligence','James,Peterson','MIT,Press',25,'education');
commit;

insert into F16_T11_book values('B004',322,111245978932,3,'Harry Potter-Deathly hollows','J K Rowling','JK Publishers',29.99,'Fiction');
commit;

insert into F16_T11_book values('B005',678,131245678932,3,'Youre my first impression','Patrick','Tk traders',15.90,'Sattire');
commit;

insert into F16_T11_book values('B006',900,111245679932,3,'Sherlock Holmes','Jack','PB Publishers',50.12,'Action');
commit;

insert into F16_T11_book values('B007',998,123245679932,3,'The Truth behind galaxy','Rogers','PB Publishers',80.12,'Science Fiction');
commit;

commit;

--insert into F16_T11_supplier table

insert into F16_T11_supplier values('S001','Hk F16_T11_book house','734 summit ave,arlington','hk@gmail.com',9076894321);
commit;

insert into F16_T11_supplier values('S002','RS F16_T11_book suppliers','708 kelly st,arlington','rs@gmail.com',9076899321);
commit;

insert into F16_T11_supplier values('S003','RK F16_T11_book house','834 gally st,NY','rk@gmail.com',6826894321);
commit;

insert into F16_T11_supplier values('S004','TP F16_T11_book house','754 billy st,IN','tp@gmail.com',7126894321);
commit;

insert into F16_T11_supplier values('S005','PG F16_T11_book house','784 richardson st,california','pg@gmail.com',6546894321);
commit;

insert into F16_T11_supplier values('S006','TIP F16_T11_book house','515 heller st ,california','tip@gmail.com',9079994321);
commit;

insert into F16_T11_supplier values('S007','ALT F16_T11_book house','723 gilly st,california','alt@gmail.com',9070764321);
commit;
commit;

--insert into F16_T11_store table

insert into F16_T11_store values('ST001','Cal F16_T11_store','762 gilly st,california',1200,TO_DATE('2012/03/03','YYYY/MM/DD'));
commit;

insert into F16_T11_store values('ST002','Ronns F16_T11_store','618 willy st,california',1388,TO_DATE('2010/06/03','YYYY/MM/DD'));
commit;

insert into F16_T11_store values('ST003','Nills F16_T11_store','434 wilder st,IN',1288,TO_DATE('2011/07/07','YYYY/MM/DD'));
commit;

insert into F16_T11_store values('ST004','Ronns F16_T11_store','450 pintler st,NY',1400,TO_DATE('2015/07/07','YYYY/MM/DD'));
commit;

insert into F16_T11_store values('ST005','Ronns F16_T11_store','525 willy st,NY',1200,TO_DATE('2011/08/03','YYYY/MM/DD'));
commit;

insert into F16_T11_store values('ST006','Ronns F16_T11_store','300 kelly st,arlington',1200,TO_DATE('2012/06/08','YYYY/MM/DD'));
commit;

insert into F16_T11_store values('ST007','Ronns F16_T11_store','618 willy st,arlington',1200,TO_DATE('2013/08/18','YYYY/MM/DD'));
commit;
commit;


--insert into F16_T11_manager table

insert into F16_T11_manager values('E001',5000,3,'ST001',TO_DATE('2012/03/03','YYYY/MM/DD'),null);
commit;
insert into F16_T11_manager values('E002',4000,2,'ST002',TO_DATE('2010/06/03','YYYY/MM/DD'),null);
commit;
insert into F16_T11_manager values('E003',5000,4,'ST003',TO_DATE('2011/07/07','YYYY/MM/DD'),null);
commit;
insert into F16_T11_manager values('E008',6000,5,'ST004',TO_DATE('2012/03/03','YYYY/MM/DD'),null);
commit;
insert into F16_T11_manager values('E009',5500,4,'ST005',TO_DATE('2012/03/03','YYYY/MM/DD'),null);
commit;
insert into F16_T11_manager values('E010',6500,6,'ST006',TO_DATE('2012/03/03','YYYY/MM/DD'),null);
commit;
insert into F16_T11_manager values('E011',7500,7,'ST007',TO_DATE('2012/03/03','YYYY/MM/DD'),null);
commit;
commit;


--insert into F16_T11_sales_person table
insert into F16_T11_sales_person values('E004',40,'ST001',TO_DATE('2012/03/07','YYYY/MM/DD'),null,10);
commit;
insert into F16_T11_sales_person values('E005',35,'ST002',TO_DATE('2012/08/08','YYYY/MM/DD'),null,8);
commit;
insert into F16_T11_sales_person values('E006',25,'ST003',TO_DATE('2012/09/07','YYYY/MM/DD'),null,12);
commit;
insert into F16_T11_sales_person values('E007',45,'ST004',TO_DATE('2012/12/22','YYYY/MM/DD'),null,11);
commit;
insert into F16_T11_sales_person values('E012',40,'ST001',TO_DATE('2012/03/01','YYYY/MM/DD'),null,10);
commit;
insert into F16_T11_sales_person values('E013',40,'ST002',TO_DATE('2012/04/03','YYYY/MM/DD'),null,08);
commit;
insert into F16_T11_sales_person values('E014',40,'ST003',TO_DATE('2012/05/07','YYYY/MM/DD'),null,12);
commit;
insert into F16_T11_sales_person values('E015',40,'ST004',TO_DATE('2012/06/09','YYYY/MM/DD'),null,11);
commit;
insert into F16_T11_sales_person values('E016',40,'ST005',TO_DATE('2012/08/11','YYYY/MM/DD'),null,09);
commit;
insert into F16_T11_sales_person values('E017',40,'ST005',TO_DATE('2012/07/15','YYYY/MM/DD'),null,08);
commit;
insert into F16_T11_sales_person values('E018',40,'ST006',TO_DATE('2012/09/13','YYYY/MM/DD'),null,12);
commit;
insert into F16_T11_sales_person values('E019',40,'ST006',TO_DATE('2012/11/19','YYYY/MM/DD'),null,10);
commit;
insert into F16_T11_sales_person values('E020',40,'ST007',TO_DATE('2012/10/16','YYYY/MM/DD'),null,11);
commit;
insert into F16_T11_sales_person values('E021',40,'ST007',TO_DATE('2012/12/15','YYYY/MM/DD'),null,12);
commit;
commit;


--insert into F16_T11_dependents table
insert into F16_T11_dependents values('E001','Rick',TO_DATE('1995/03/07','YYYY/MM/DD'),'M','brother');
commit;
insert into F16_T11_dependents values('E001','Rose',TO_DATE('1999/03/09','YYYY/MM/DD'),'F','sister');
commit;
insert into F16_T11_dependents values('E002','Robert',TO_DATE('1960/03/09','YYYY/MM/DD'),'M','father');
commit;
insert into F16_T11_dependents values('E003','Mike',TO_DATE('1999/03/09','YYYY/MM/DD'),'M','brother');
commit;
insert into F16_T11_dependents values('E008','Laura',TO_DATE('1999/03/09','YYYY/MM/DD'),'F','sister');
commit;
insert into F16_T11_dependents values('E009','Joe',TO_DATE('1963/05/12','YYYY/MM/DD'),'M','father');
commit;
insert into F16_T11_dependents values('E010','Christine',TO_DATE('1962/02/10','YYYY/MM/DD'),'F','mother');
commit;
commit;

--insert into F16_T11_purchase and F16_T11_purchase_details table
insert into F16_T11_purchase(customerid,bookid,storeid,paymentmode,credicardinfo,tax) values('C001','B001','ST001','cash',null,12.5);
commit;
insert into F16_T11_purchase_details values('C001','B001','ST001',TO_DATE('2015/08/09','YYYY/MM/DD'),2);
commit;

insert into F16_T11_purchase(customerid,bookid,storeid,paymentmode,credicardinfo,tax) values('C002','B001','ST003','cash',null,12.5);
commit;
insert into F16_T11_purchase_details values('C002','B001','ST003',TO_DATE('2015/08/29','YYYY/MM/DD'),1);
commit;

insert into F16_T11_purchase(customerid,bookid,storeid,paymentmode,credicardinfo,tax) values('C001','B003','ST001','cash',null,12.5);
commit;
insert into F16_T11_purchase_details values('C001','B003','ST001',TO_DATE('2015/08/19','YYYY/MM/DD'),3);
commit;

insert into F16_T11_purchase(customerid,bookid,storeid,paymentmode,credicardinfo,tax) values('C003','B006','ST004','cash',null,12.5);
commit;
commit;
insert into F16_T11_purchase_details values('C003','B006','ST004',TO_DATE('2015/08/08','YYYY/MM/DD'),4);
commit;

insert into F16_T11_purchase(customerid,bookid,storeid,paymentmode,credicardinfo,tax) values('C004','B001','ST005','cash',null,12.5);
commit;
insert into F16_T11_purchase_details values('C004','B001','ST005',TO_DATE('2015/08/10','YYYY/MM/DD'),10);
commit;

insert into F16_T11_purchase(customerid,bookid,storeid,paymentmode,credicardinfo,tax) values('C005','B001','ST005','cash',null,12.5);
commit;
insert into F16_T11_purchase_details values('C005','B001','ST005',TO_DATE('2015/08/10','YYYY/MM/DD'),12);
commit;

insert into F16_T11_purchase(customerid,bookid,storeid,paymentmode,credicardinfo,tax) values('C006','B003','ST006','cash',null,12.5);
commit;
insert into F16_T11_purchase_details values('C006','B003','ST006',TO_DATE('2015/08/11','YYYY/MM/DD'),7);
commit;

insert into F16_T11_purchase(customerid,bookid,storeid,paymentmode,credicardinfo,tax) values('C007','B004','ST007','cash',null,12.5);
commit;
commit;
insert into F16_T11_purchase_details values('C007','B004','ST007',TO_DATE('2015/08/11','YYYY/MM/DD'),7);
commit;

--NEW

insert into F16_T11_purchase(customerid,bookid,storeid,paymentmode,credicardinfo,tax) values('C002','B002','ST002','cash',null,12.5);
commit;
insert into F16_T11_purchase_details values('C002','B002','ST002',TO_DATE('2016/02/17','YYYY/MM/DD'),3);
commit;

insert into F16_T11_purchase(customerid,bookid,storeid,paymentmode,credicardinfo,tax) values('C005','B002','ST005','cash',null,12.5);
commit;
insert into F16_T11_purchase_details values('C005','B002','ST005',TO_DATE('2016/03/19','YYYY/MM/DD'),4);
commit;


insert into F16_T11_purchase(customerid,bookid,storeid,paymentmode,credicardinfo,tax) values('C006','B001','ST007','cash',null,12.5);
commit;
insert into F16_T11_purchase_details values('C006','B001','ST007',TO_DATE('2016/04/14','YYYY/MM/DD'),3);
commit;

insert into F16_T11_purchase(customerid,bookid,storeid,paymentmode,credicardinfo,tax) values('C007','B002','ST001','cash',null,12.5);
commit;
insert into F16_T11_purchase_details values('C007','B002','ST001',TO_DATE('2016/04/17','YYYY/MM/DD'),4);
commit;

insert into F16_T11_purchase(customerid,bookid,storeid,paymentmode,credicardinfo,tax) values('C008','B003','ST002','cash',null,12.5);
commit;
insert into F16_T11_purchase_details values('C008','B003','ST002',TO_DATE('2016/04/18','YYYY/MM/DD'),2);
commit;

insert into F16_T11_purchase(customerid,bookid,storeid,paymentmode,credicardinfo,tax) values('C009','B001','ST003','cash',null,12.5);
commit;
insert into F16_T11_purchase_details values('C009','B001','ST003',TO_DATE('2016/05/08','YYYY/MM/DD'),3);
commit;

insert into F16_T11_purchase(customerid,bookid,storeid,paymentmode,credicardinfo,tax) values('C010','B002','ST004','cash',null,12.5);
commit;
insert into F16_T11_purchase_details values('C010','B002','ST004',TO_DATE('2016/06/22','YYYY/MM/DD'),4);
commit;

insert into F16_T11_purchase(customerid,bookid,storeid,paymentmode,credicardinfo,tax) values('C001','B003','ST005','cash',null,12.5);
commit;
insert into F16_T11_purchase_details values('C001','B003','ST005',TO_DATE('2016/06/27','YYYY/MM/DD'),2);
commit;

insert into F16_T11_purchase(customerid,bookid,storeid,paymentmode,credicardinfo,tax) values('C002','B001','ST006','cash',null,12.5);
commit;
insert into F16_T11_purchase_details values('C002','B001','ST006',TO_DATE('2016/07/28','YYYY/MM/DD'),3);
commit;

insert into F16_T11_purchase(customerid,bookid,storeid,paymentmode,credicardinfo,tax) values('C003','B002','ST007','cash',null,12.5);
commit;
insert into F16_T11_purchase_details values('C003','B002','ST007',TO_DATE('2016/08/01','YYYY/MM/DD'),4);
commit;

insert into F16_T11_purchase(customerid,bookid,storeid,paymentmode,credicardinfo,tax) values('C004','B003','ST001','cash',null,12.5);
commit;
insert into F16_T11_purchase_details values('C004','B003','ST001',TO_DATE('2016/09/25','YYYY/MM/DD'),2);
commit;

insert into F16_T11_purchase(customerid,bookid,storeid,paymentmode,credicardinfo,tax) values('C005','B001','ST002','cash',null,12.5);
commit;
insert into F16_T11_purchase_details values('C005','B001','ST002',TO_DATE('2016/10/30','YYYY/MM/DD'),3);
commit;

insert into F16_T11_purchase(customerid,bookid,storeid,paymentmode,credicardinfo,tax) values('C006','B002','ST003','cash',null,12.5);
commit;
insert into F16_T11_purchase_details values('C006','B002','ST003',TO_DATE('2016/11/06','YYYY/MM/DD'),4);
commit;

insert into F16_T11_purchase(customerid,bookid,storeid,paymentmode,credicardinfo,tax) values('C007','B003','ST004','cash',null,12.5);
commit;
insert into F16_T11_purchase_details values('C007','B003','ST004',TO_DATE('2016/11/07','YYYY/MM/DD'),2);
commit;

insert into F16_T11_purchase(customerid,bookid,storeid,paymentmode,credicardinfo,tax) values('C008','B001','ST005','cash',null,12.5);
commit;
insert into F16_T11_purchase_details values('C008','B001','ST005',TO_DATE('2016/11/09','YYYY/MM/DD'),4);
commit;

insert into F16_T11_purchase(customerid,bookid,storeid,paymentmode,credicardinfo,tax) values('C009','B002','ST006','cash',null,12.5);
commit;
insert into F16_T11_purchase_details values('C009','B002','ST006',TO_DATE('2016/02/07','YYYY/MM/DD'),1);
commit;

insert into F16_T11_purchase(customerid,bookid,storeid,paymentmode,credicardinfo,tax) values('C010','B003','ST007','cash',null,12.5);
commit;
insert into F16_T11_purchase_details values('C010','B003','ST007',TO_DATE('2016/02/22','YYYY/MM/DD'),2);
commit;

insert into F16_T11_purchase(customerid,bookid,storeid,paymentmode,credicardinfo,tax) values('C003','B003','ST003','cash',null,12.5);
commit;
insert into F16_T11_purchase_details values('C003','B003','ST003',TO_DATE('2016/05/22','YYYY/MM/DD'),1);
commit;

insert into F16_T11_purchase(customerid,bookid,storeid,paymentmode,credicardinfo,tax) values('C004','B001','ST004','cash',null,12.5);
commit;
insert into F16_T11_purchase_details values('C004','B001','ST004',TO_DATE('2016/05/28','YYYY/MM/DD'),2);
commit;

insert into F16_T11_purchase(customerid,bookid,storeid,paymentmode,credicardinfo,tax) values('C007','B001','ST007','cash',null,12.5);
commit;
insert into F16_T11_purchase_details values('C007','B001','ST007',TO_DATE('2016/06/11','YYYY/MM/DD'),1);
commit;

--insert into F16_T11_supply and F16_T11_supply_details
insert into F16_T11_supply values('S001','B001','ST001',25);
commit;
insert into F16_T11_supply_details values('S001','B001','ST001',TO_DATE('2015/09/11','YYYY/MM/DD'),50);
commit;

insert into F16_T11_supply values('S001','B002','ST001',42);
commit;
insert into F16_T11_supply_details values('S001','B002','ST001',TO_DATE('2015/09/11','YYYY/MM/DD'),40); 
commit;

insert into F16_T11_supply values('S001','B003','ST001',23);
commit;
insert into F16_T11_supply_details values('S001','B003','ST001',TO_DATE('2015/09/11','YYYY/MM/DD'),30);
commit;

insert into F16_T11_supply values('S001','B004','ST001',25);
commit;
insert into F16_T11_supply_details values('S001','B004','ST001',TO_DATE('2015-01-01','YYYY/MM/DD'),50);
commit;

insert into F16_T11_supply values('S001','B005','ST001',10);
commit;
insert into F16_T11_supply_details values('S001','B005','ST001',TO_DATE('2015-01-04','YYYY/MM/DD'),40); 
commit;

insert into F16_T11_supply values('S001','B006','ST001',45);
commit;
insert into F16_T11_supply_details values('S001','B006','ST001',TO_DATE('2015-01-07','YYYY/MM/DD'),30);
commit;

insert into F16_T11_supply values('S001','B007','ST001',72);
commit;
insert into F16_T11_supply_details values('S001','B007','ST001',TO_DATE('2015-02-04','YYYY/MM/DD'),50);
commit;



insert into F16_T11_supply values('S002','B001','ST002',25);
commit;
insert into F16_T11_supply_details values('S002','B001','ST002',TO_DATE('2015-02-25','YYYY/MM/DD'),30);

insert into F16_T11_supply values('S002','B002','ST002',42);
commit;
insert into F16_T11_supply_details values('S002','B002','ST002',TO_DATE('2015-03-02','YYYY/MM/DD'),35); 

insert into F16_T11_supply values('S002','B003','ST002',23);
commit;
insert into F16_T11_supply_details values('S002','B003','ST002',TO_DATE('2015-04-03','YYYY/MM/DD'),43);

insert into F16_T11_supply values('S002','B004','ST002',25);
commit;
insert into F16_T11_supply_details values('S002','B004','ST002',TO_DATE('2015-04-27','YYYY/MM/DD'),34);

insert into F16_T11_supply values('S002','B005','ST002',10);
commit;
insert into F16_T11_supply_details values('S002','B005','ST002',TO_DATE('2015-04-28','YYYY/MM/DD'),35);

insert into F16_T11_supply values('S002','B006','ST002',45);
commit;
insert into F16_T11_supply_details values('S002','B006','ST002',TO_DATE('2015-05-11','YYYY/MM/DD'),40);

insert into F16_T11_supply values('S002','B007','ST002',72);
commit;
insert into F16_T11_supply_details values('S002','B007','ST002',TO_DATE('2015-05-31','YYYY/MM/DD'),30);



insert into F16_T11_supply values('S003','B001','ST003',25);
commit;
insert into F16_T11_supply_details values('S003','B001','ST003',TO_DATE('2015-06-02','YYYY/MM/DD'),35);

insert into F16_T11_supply values('S003','B002','ST003',42);
commit;
insert into F16_T11_supply_details values('S003','B002','ST003',TO_DATE('2015-07-12','YYYY/MM/DD'),45); 

insert into F16_T11_supply values('S003','B003','ST003',23);
commit;
insert into F16_T11_supply_details values('S003','B003','ST003',TO_DATE('2015-07-25','YYYY/MM/DD'),53);

insert into F16_T11_supply values('S003','B004','ST003',25);
commit;
insert into F16_T11_supply_details values('S003','B004','ST003',TO_DATE('2015-08-08','YYYY/MM/DD'),53);

insert into F16_T11_supply values('S003','B005','ST003',10);
commit;
insert into F16_T11_supply_details values('S003','B005','ST003',TO_DATE('2015-08-24','YYYY/MM/DD'),53);

insert into F16_T11_supply values('S003','B006','ST003',45);
commit;
insert into F16_T11_supply_details values('S003','B006','ST003',TO_DATE('2015-09-04','YYYY/MM/DD'),53);

insert into F16_T11_supply values('S003','B007','ST003',72);
commit;
insert into F16_T11_supply_details values('S003','B007','ST003',TO_DATE('2015-09-07','YYYY/MM/DD'),53);

--new

insert into F16_T11_supply values('S004','B001','ST004',25);
commit;
insert into F16_T11_supply_details values('S004','B001','ST004',TO_DATE('2015-09-17','YYYY/MM/DD'),35);

insert into F16_T11_supply values('S004','B002','ST004',42);
commit;
insert into F16_T11_supply_details values('S004','B002','ST004',TO_DATE('2015-09-20','YYYY/MM/DD'),40);

insert into F16_T11_supply values('S004','B003','ST004',23);
commit;
insert into F16_T11_supply_details values('S004','B003','ST004',TO_DATE('2015-11-07','YYYY/MM/DD'),23);

insert into F16_T11_supply values('S004','B004','ST004',25);
commit;
insert into F16_T11_supply_details values('S004','B004','ST004',TO_DATE('2015-11-13','YYYY/MM/DD'),45);

insert into F16_T11_supply values('S004','B005','ST004',10);
commit;
insert into F16_T11_supply_details values('S004','B005','ST004',TO_DATE('2015-12-02','YYYY/MM/DD'),20);

insert into F16_T11_supply values('S004','B006','ST004',45);
commit;
insert into F16_T11_supply_details values('S004','B006','ST004',TO_DATE('2015-12-12','YYYY/MM/DD'),15);

insert into F16_T11_supply values('S004','B007','ST004',72);
commit;
insert into F16_T11_supply_details values('S004','B007','ST004',TO_DATE('2015-01-22','YYYY/MM/DD'),31);


insert into F16_T11_supply values('S005','B001','ST005',25);
commit;
insert into F16_T11_supply_details values('S005','B001','ST005',TO_DATE('2015-01-30','YYYY/MM/DD'),19);

insert into F16_T11_supply values('S005','B002','ST005',42);
commit;
insert into F16_T11_supply_details values('S005','B002','ST005',TO_DATE('2015-02-05','YYYY/MM/DD'),20);

insert into F16_T11_supply values('S005','B003','ST005',23);
commit;
insert into F16_T11_supply_details values('S005','B003','ST005',TO_DATE('2015-02-25','YYYY/MM/DD'),30);

insert into F16_T11_supply values('S005','B004','ST005',25);
commit;
insert into F16_T11_supply_details values('S005','B004','ST005',TO_DATE('2015-02-26','YYYY/MM/DD'),40);

insert into F16_T11_supply values('S005','B005','ST005',10);
commit;
insert into F16_T11_supply_details values('S005','B005','ST005',TO_DATE('2015-03-13','YYYY/MM/DD'),50);

insert into F16_T11_supply values('S005','B006','ST005',45);
commit;
insert into F16_T11_supply_details values('S005','B006','ST005',TO_DATE('2015-03-17','YYYY/MM/DD'),13);

insert into F16_T11_supply values('S005','B007','ST005',72);
commit;
insert into F16_T11_supply_details values('S005','B007','ST005',TO_DATE('2015-03-28','YYYY/MM/DD'),56);


insert into F16_T11_supply values('S006','B001','ST006',25);
commit;
insert into F16_T11_supply_details values('S005','B001','ST005',TO_DATE('2015-03-29','YYYY/MM/DD'),43);

insert into F16_T11_supply values('S006','B002','ST006',42);
commit;
insert into F16_T11_supply_details values('S005','B002','ST005',TO_DATE('2015-04-21','YYYY/MM/DD'),35);

insert into F16_T11_supply values('S006','B003','ST006',23);
commit;
insert into F16_T11_supply_details values('S005','B003','ST005',TO_DATE('2015-06-04','YYYY/MM/DD'),42);

insert into F16_T11_supply values('S006','B004','ST006',25);
commit;
insert into F16_T11_supply_details values('S005','B004','ST005',TO_DATE('2015-06-05','YYYY/MM/DD'),36);

insert into F16_T11_supply values('S006','B005','ST006',10);
commit;
insert into F16_T11_supply_details values('S005','B005','ST005',TO_DATE('2015-06-16','YYYY/MM/DD'),41);

insert into F16_T11_supply values('S006','B006','ST006',45);
commit;
insert into F16_T11_supply_details values('S005','B006','ST005',TO_DATE('2015-06-26','YYYY/MM/DD'),12);

insert into F16_T11_supply values('S006','B007','ST006',72);
commit;
insert into F16_T11_supply_details values('S005','B007','ST005',TO_DATE('2015-07-16','YYYY/MM/DD'),24);


insert into F16_T11_supply values('S007','B001','ST007',25);
commit;
insert into F16_T11_supply_details values('S007','B001','ST007',TO_DATE('2015-07-20','YYYY/MM/DD'),43);

insert into F16_T11_supply values('S007','B002','ST007',25);
commit;
insert into F16_T11_supply_details values('S007','B002','ST007',TO_DATE('2015-08-14','YYYY/MM/DD'),43);	

insert into F16_T11_supply values('S007','B003','ST007',25);
commit;
insert into F16_T11_supply_details values('S007','B003','ST007',TO_DATE('2015-09-14','YYYY/MM/DD'),43);

insert into F16_T11_supply values('S007','B004','ST007',25);
commit;
insert into F16_T11_supply_details values('S007','B004','ST007',TO_DATE('2015-09-22','YYYY/MM/DD'),43);

insert into F16_T11_supply values('S007','B005','ST007',25);
commit;
insert into F16_T11_supply_details values('S007','B005','ST007',TO_DATE('2015-10-16','YYYY/MM/DD'),43);

insert into F16_T11_supply values('S007','B006','ST007',25);
commit;
insert into F16_T11_supply_details values('S007','B006','ST007',TO_DATE('2015-11-14','YYYY/MM/DD'),43);

insert into F16_T11_supply values('S007','B007','ST007',25);
commit;
insert into F16_T11_supply_details values('S007','B007','ST007',TO_DATE('2015-12-28','YYYY/MM/DD'),43);




--insert into F16_T11_return table

insert into F16_T11_return values('C002','B002','ST002','too much quantity',TO_DATE('2016/04/25','YYYY/MM/DD'),4);
commit;
insert into F16_T11_return values('C006','B002','ST003','too much quantity',TO_DATE('2016/11/17','YYYY/MM/DD'),4);
commit;
insert into F16_T11_return values('C003','B006','ST004','too much quantity',TO_DATE('2015/08/10','YYYY/MM/DD'),4);
commit;
insert into F16_T11_return values('C005','B002','ST005','too much quantity',TO_DATE('2016/03/25','YYYY/MM/DD'),4);
commit;
insert into F16_T11_return values('C007','B002','ST001','too much quantity',TO_DATE('2016/04/20','YYYY/MM/DD'),4);
commit;
insert into F16_T11_return values('C009','B001','ST003','too much quantity',TO_DATE('2016/05/20','YYYY/MM/DD'),3);
commit;
insert into F16_T11_return values('C004','B003','ST001','too much quantity',TO_DATE('2016/09/26','YYYY/MM/DD'),2);
commit;
insert into F16_T11_return values('C001','B001','ST001','too much quantity',TO_DATE('2015/08/11','YYYY/MM/DD'),2);
commit;